<Ui xmlns="http://www.blizzard.com/wow/ui/">
  <Script file="01_12_Fluclo_Panda.lua"/>
  <Script file="40_45_Crackerhead22_Eastern_Plaguelands.lua"/>
  <Script file="48_50_Crackerhead22_Searing_Gorge.lua"/>
  <Script file="50_55_Jiyambi_UnGoro.lua"/>
  <Script file="50_55_Jiyambi_Winterspring.lua"/>
  <Script file="55_58_Jame_Scarlet_Enclave.lua"/>
  <Script file="55_60_Jiyambi_Silithus.lua"/>
  <Script file="69_70_Crackerhead22_Netherstorm.lua"/>
  <Script file="77_78_Scoot_ZulDrak.lua"/>
  <Script file="78_79_Scoot_Sholazar_Basin.lua"/>
  <Script file="80_82_Arixan_Hyjal.lua"/>
  <Script file="82_83_Arixan_Deepholm.lua"/>
  <Script file="83_84_Arixan_Uldum.lua"/>
  <Script file="86_88_Emmaleah_Valley4Winds.lua"/>
  <Script file="88_89_Emmaleah_KunLaiSummit.lua"/>
  <Script file="89_90_Emmaleah_Dread_Wastes.lua"/>
  <Script file="89_90_Emmaleah_Townlong_Steppes.lua"/>
  <Script file="90_90_EmmFluc_DarkPortal.lua"/>
  <Script file="97_98_Emmaleah_Spires.lua"/>
  <Script file="098_099_Links_Mardum.lua"/>
  <Script file="099_100_Links_Vault.lua"/>
  <Script file="098_110_Links_Legion_DH.lua"/>
  <Script file="098_110_Emmaleah_Legion_DK.lua"/>
  <Script file="098_110_Emmaleah_Legion_Druid.lua"/>
  <Script file="098_110_Emmaleah_Legion_Hunter.lua"/>
  <Script file="098_110_Emmaleah_Legion_Mage.lua"/>
  <Script file="098_110_Emmaleah_Legion_Monk.lua"/>
  <Script file="098_110_Emmaleah_Legion_Paladin.lua"/>
  <Script file="098_110_Emmaleah_Legion_Priest.lua"/>
  <Script file="098_110_Emmaleah_Legion_Rogue.lua"/>
  <Script file="098_110_Emmaleah_Legion_Shaman.lua"/>
  <Script file="098_110_Emmaleah_Legion_Warlock.lua"/>
  <Script file="098_110_Emmaleah_Legion_Warrior.lua"/>
  <Script file="100_109_Emmaleah_Azsuna.lua"/>
  <Script file="100_109_Emmaleah_Highmountain.lua"/>
  <Script file="100_109_Emmaleah_Valsharah.lua"/>
  <Script file="110_110_Blanc_Suramar.lua"/>
  <Script file="110_110_Emmaleah_BrokenShore.lua"/>
  <Script file="110_110_Ludo_Argus.lua"/>
  <Script file="120_120_OxyEmm_Mechagon.lua" />
</Ui>
