<Ui xmlns="http://www.blizzard.com/wow/ui/" xmlns:xsi="http://www.w3.org/2001/XMLSchema-instance" xsi:schemaLocation="http://www.blizzard.com/wow/ui/..\FrameXML\UI.xsd">
    <Script file="WoWPro_Selector.lua"/>
    <Button name="WoWProSelector_ButtonTemplate" virtual="true">
        <Size>
            <AbsDimension x="64" y="64" />
        </Size>
        <Layers>
          <Layer level="BORDER">
            <FontString name="$parentTitle" parentKey="title" inherits="GameFontNormalSmall" justifyH="CENTER" justifyV="CENTER" wordwrap="true">
                <Size x="64" y="24"/>
                <Anchors>
                    <Anchor point="TOP" x="0" y="24"/>
                </Anchors>
            </FontString>
            <FontString name="$parentClass" parentKey="class" inherits="GameFontNormalSmall" justifyH="CENTER" justifyV="CENTER" >
                <Anchors>
                    <Anchor point="BOTTOM" x="0" y="-14"/>
                </Anchors>
            </FontString>
          </Layer>
        </Layers>
        <HighlightTexture name="$parentHighlight" file="Interface\Buttons\ButtonHilight-Square" alphaMode="BLEND"/>
        <PushedTexture name="$parentPushed" file="Interface\ContainerFrame\UI-Icon-QuestBang" alphaMode="ALPHAKEY" />
        <Scripts>
            <OnMouseDown function="WoWPro_SelectorButton_OnMouseDown" />
        </Scripts>    
    </Button>
	<Frame name="WoWProSelector_Frame" toplevel="true" frameStrata="DIALOG" enableMouse="true" hidden="true" parent="UIParent">
		<Size x="640" y="144"/>
		<Anchors>
			<Anchor point="CENTER"/>
		</Anchors>
		<Backdrop bgFile="Interface\DialogFrame\UI-DialogBox-Background" edgeFile="Interface\DialogFrame\UI-DialogBox-Border" tile="true">
			<BackgroundInsets>
				<AbsInset left="11" right="12" top="12" bottom="11"/>
			</BackgroundInsets>
			<TileSize>
				<AbsValue val="32"/>
			</TileSize>
			<EdgeSize>
				<AbsValue val="32"/>
			</EdgeSize>
		</Backdrop>
		<Layers>
			<Layer level="ARTWORK">
				<Texture name="WoWProSelector_Header" file="Interface\DialogFrame\UI-DialogBox-Header">
					<Size x="320" y="64"/>
					<Anchors>
						<Anchor point="TOP" x="0" y="12"/>
					</Anchors>
				</Texture>
				<FontString inherits="GameFontNormal" text="WoW-Pro Guide Picker">
					<Anchors>
						<Anchor point="TOP" relativeTo="WoWProSelector_Header" x="0" y="-14"/>
					</Anchors>
				</FontString>
			</Layer>
		</Layers>		
		<Frames>
		    <Button name="WoWProSelector_CloseButton" inherits="UIPanelCloseButton">
                <Anchors>
                    <Anchor point="TOPRIGHT" relativePoint="TOPRIGHT">
                        <Offset x="-4" y="-4"/>
                    </Anchor>
                </Anchors>
                <Scripts>
                    <OnClick function="WoWProSelector_CloseButton_OnClick" />
                </Scripts>
            </Button>
		</Frames>
		<Scripts>
		    <OnLoad function="WoWPro_Selector_OnLoad" />
			<OnShow function="WoWPro_Selector_OnShow" />
			<OnHide function="WoWPro_Selector_OnHide" />
		</Scripts>
	</Frame>
</Ui>
