<Bindings>
	<Binding name="TRADEDISPENSER1" header="TRADEDISPENSER">
		tD_Temp.isEnabled = not tD_Temp.isEnabled
		if (tD_Temp.isEnabled) then
			DEFAULT_CHAT_FRAME:AddMessage(tD_Loc.activated)
		else
			DEFAULT_CHAT_FRAME:AddMessage(tD_Loc.deactivated)
		end
		tradeDispenserUpdate()
		tradeDispenserOSD_OnUpdate()
	</Binding>

	<Binding name="TRADEDISPENSER2">
		tD_Temp.isVisible = not tD_Temp.isVisible
		tradeDispenserSettings:Show()
		tradeDispenserSettingsBtn:LockHighlight()
		tradeDispenserTradeControl:Show()
		tradeDispenserTradeControlBtn:LockHighlight();	
		tradeDispenserMessages:Hide()
		tradeDispenserUpdate()
		tradeDispenserOSD_OnUpdate()
	</Binding>
	
	<Binding name="TRADEDISPENSER3">
		tD_CharDatas.OSD.isEnabled = not tD_CharDatas.OSD.isEnabled
		tradeDispenserUpdate()
		tradeDispenserSettings_OnUpdate()
		tradeDispenserOSD_OnUpdate()
	</Binding>
	
	<Binding name="TRADEDISPENSER4">	
		if (tD_Temp.isEnabled) then
			tradeDispenserBroadcastItems()
		else
			DEFAULT_CHAT_FRAME:AddMessage(tD_Loc.OSD.notenabled)
		end
	</Binding>
</Bindings>