<Ui>
	<Button name="tDDropDownButtonTemp"  inherits="UIPanelButtonGrayTemplate" virtual="true">
		<Size>	<AbsDimension x="123" y="17"/>	</Size>
		<Scripts>
			<OnLoad>
				this:SetFrameLevel(this:GetParent():GetParent():GetFrameLevel()+4);
				this:SetText("dummy");
			</OnLoad>
			<OnClick>
				tradeDispenserPlaySound(this)
				local f=getglobal(this:GetParent():GetParent():GetName().."DDTitleLbL");
				f:SetText(this:GetText())
				<!--local col = tradeDispenserProfileColors[this:GetID()];				
				f:SetTextColor(col.r,col.g,col.b)-->
				this:GetParent():Hide()
			</OnClick>			
		</Scripts>
	</Button>
	

	<Frame name="tDDropDownTemp" virtual="true">
		<Size>	<AbsDimension x="105" y="25"/>	</Size>
		<Backdrop bgFile="Interface\Tooltips\UI-Tooltip-Background" edgeFile="Interface\Tooltips\UI-Tooltip-Border" tile="true">
			<BackgroundInsets>
				<AbsInset left="0" right="0" top="0" bottom="0"/>
			</BackgroundInsets>
			<TileSize><AbsValue val="2"/></TileSize>
			<EdgeSize><AbsValue val="0"/></EdgeSize>
		</Backdrop>	
		<Layers>
			<Layer level="ARTWORK">		<!-- TITLE -->
				<FontString name="$parentLbL" inherits="GameFontNormal" text="Show Profile">
					<Anchors>
						<Anchor point="RIGHT" relativeTo="$parent" relativePoint="LEFT">
							<Offset><AbsDimension x="-5" y="2"/></Offset>
						</Anchor>
					</Anchors>
				</FontString>
			</Layer>
		</Layers>
		<Frames>
			<Button name="$parent_DDbtn">
				<Size><AbsDimension x="24" y="24"/></Size>
				<Anchors>
					<Anchor point="TOPRIGHT">
						<Offset><AbsDimension x="0" y="2"/></Offset>
					</Anchor>
				</Anchors>
				<Scripts>
					<OnClick>
						PlaySound("MINIMAPCLOSE")
						local f = getglobal(this:GetParent():GetName().."DDframe");
						if (f:IsShown()) then 	f:Hide() 	else	f:Show()	end
						<!--  hide all other dropdowns    			tradeDispenserRackDDframe:Hide();  -->
					</OnClick>
				</Scripts>
				<NormalTexture file="Interface\ChatFrame\UI-ChatIcon-ScrollDown-Up"></NormalTexture>
				<PushedTexture file="Interface\ChatFrame\UI-ChatIcon-ScrollDown-Down"></PushedTexture>
				<HighlightTexture file="Interface\Buttons\UI-Common-MouseHilight" alphaMode="ADD"></HighlightTexture>
			</Button>
			<Frame name="$parentDDTitle" hidden="false">
				<Size><AbsDimension x="102" y="22"/></Size>
				<Anchors>
					<Anchor point="RIGHT" relativeTo="$parent_DDbtn" relativePoint="RIGHT">
						<Offset><AbsDimension x="-1" y="0"/></Offset>
					</Anchor>
				</Anchors>
				<Backdrop bgFile="Interface\Tooltips\UI-Tooltip-Background" edgeFile="Interface\Tooltips\UI-Tooltip-Border" tile="true">
					<BackgroundInsets>
						<AbsInset left="2" right="2" top="2" bottom="2" />
					</BackgroundInsets>
					<TileSize><AbsValue val="12" /></TileSize>
					<EdgeSize><AbsValue val="2" /></EdgeSize>
				</Backdrop>
				<Layers>
					<Layer level="ARTWORK">		<!-- Selected value -->
						<FontString name="$parentLbL" inherits="GameFontNormalSmall" text="DummyProfile">
							<Anchors>
								<Anchor point="LEFT">
									<Offset><AbsDimension x="3" y="1"/></Offset>
								</Anchor>
							</Anchors>
						</FontString>
					</Layer>
				</Layers>
				<Scripts>
					<OnLoad>
						this:SetBackdropBorderColor(0, 0, 0, 0);
						this:SetBackdropColor(0,0,0, 0);
					</OnLoad>
					<OnShow>
						local f = getglobal(this:GetName().."LbL")
						f:SetTextColor(1,1,1);
						f:SetText("dummy-title");
					</OnShow>
				</Scripts>
			</Frame>
			<Frame name="$parentDDframe" hidden="true"  enableMouse="true">
				<Size><AbsDimension x="150" y="268"/></Size>	
				<Anchors>
					<Anchor point="TOPRIGHT">
						<Offset><AbsDimension x="-18" y="0"/></Offset>
					</Anchor>
				</Anchors>
				<Backdrop bgFile="Interface\DialogFrame\UI-DialogBox-Background" edgeFile="Interface\DialogFrame\UI-DialogBox-Border" tile="true">
					<BackgroundInsets>
						<AbsInset left="11" right="12" top="12" bottom="11"/>
					</BackgroundInsets>
					<TileSize>
						<AbsValue val="32"/>
					</TileSize>
					<EdgeSize>
						<AbsValue val="32"/>
					</EdgeSize>
				</Backdrop>
		<!-- ######################  SUB-FRAMES of DROP-DOWN  (clickable) ###################### -->
				<Frames>
					<Button name="$parentSub1"  inherits="tDDropDownButtonTemp" id="1" text="all" >
						<Anchors>
							<Anchor point="TOP">
								<Offset><AbsDimension x="0" y="-15"/></Offset>
							</Anchor>
						</Anchors>
					</Button>
					<Button name="$parentSub2"  inherits="tDDropDownButtonTemp" id="2" text="warrior" >
						<Anchors>
							<Anchor point="TOP" relativeTo="$parentSub1" relativePoint="BOTTOM">
								<Offset><AbsDimension x="0" y="-5"/></Offset>
							</Anchor>
						</Anchors>
					</Button>
					<Button name="$parentSub3"  inherits="tDDropDownButtonTemp" id="3" text="rogue" >
						<Anchors>
							<Anchor point="TOP" relativeTo="$parentSub2" relativePoint="BOTTOM">
								<Offset><AbsDimension x="0" y="0"/></Offset>
							</Anchor>
						</Anchors>
					</Button>
					<Button name="$parentSub4"  inherits="tDDropDownButtonTemp" id="4" text="hunter" >
						<Anchors>
							<Anchor point="TOP" relativeTo="$parentSub3" relativePoint="BOTTOM">
								<Offset><AbsDimension x="0" y="0"/></Offset>
							</Anchor>
						</Anchors>
					</Button>
					<Button name="$parentSub5"  inherits="tDDropDownButtonTemp" id="5" text="warlock" >
						<Anchors>
							<Anchor point="TOP" relativeTo="$parentSub4" relativePoint="BOTTOM">
								<Offset><AbsDimension x="0" y="0"/></Offset>
							</Anchor>
						</Anchors>
					</Button>					
					<Button name="$parentSub6"  inherits="tDDropDownButtonTemp" id="6" text="mage" >
						<Anchors>
							<Anchor point="TOP" relativeTo="$parentSub5" relativePoint="BOTTOM">
								<Offset><AbsDimension x="0" y="0"/></Offset>
							</Anchor>
						</Anchors>
					</Button>
					<Button name="$parentSub7"  inherits="tDDropDownButtonTemp" id="7" text="druid" >
						<Anchors>
							<Anchor point="TOP" relativeTo="$parentSub6" relativePoint="BOTTOM">
								<Offset><AbsDimension x="0" y="0"/></Offset>
							</Anchor>
						</Anchors>
					</Button>
					<Button name="$parentSub8"  inherits="tDDropDownButtonTemp" id="8" text="priest" >
						<Anchors>
							<Anchor point="TOP" relativeTo="$parentSub7" relativePoint="BOTTOM">
								<Offset><AbsDimension x="0" y="0"/></Offset>
							</Anchor>
						</Anchors>
					</Button>
					<Button name="$parentSub9"  inherits="tDDropDownButtonTemp" id="9" text="paladine" hidden="false">
						<Anchors>
							<Anchor point="TOP" relativeTo="$parentSub8" relativePoint="BOTTOM">
								<Offset><AbsDimension x="0" y="0"/></Offset>
							</Anchor>
						</Anchors>
					</Button>
					<Button name="$parentSub10"  inherits="tDDropDownButtonTemp" id="10" text="shamane" hidden="false" >
						<Anchors>
							<Anchor point="TOP" relativeTo="$parentSub9" relativePoint="BOTTOM">
								<Offset><AbsDimension x="0" y="0"/></Offset>
							</Anchor>
						</Anchors>
					</Button>
					<Button name="$parentSub11"  inherits="tDDropDownButtonTemp" id="11" text="melee" >
						<Anchors>
							<Anchor point="TOP" relativeTo="$parentSub10" relativePoint="BOTTOM">
								<Offset><AbsDimension x="0" y="-5"/></Offset>
							</Anchor>
						</Anchors>
					</Button>
					<Button name="$parentSub12"  inherits="tDDropDownButtonTemp" id="12" text="mana" >
						<Anchors>
							<Anchor point="TOP" relativeTo="$parentSub11" relativePoint="BOTTOM">
								<Offset><AbsDimension x="0" y="0"/></Offset>
							</Anchor>
						</Anchors>
					</Button>	
					<Button name="$parentSub13"  inherits="tDDropDownButtonTemp" id="13" text="healer" >
						<Anchors>
							<Anchor point="TOP" relativeTo="$parentSub12" relativePoint="BOTTOM">
								<Offset><AbsDimension x="0" y="0"/></Offset>
							</Anchor>
						</Anchors>
					</Button>	
					<Button name="$parentSub14"  inherits="tDDropDownButtonTemp" id="14" text="own_usage" >
						<Anchors>
							<Anchor point="TOP" relativeTo="$parentSub13" relativePoint="BOTTOM">
								<Offset><AbsDimension x="0" y="-5"/></Offset>
							</Anchor>
						</Anchors>
					</Button>	
				</Frames>
				<Scripts>
					<OnLoad>
						this:SetFrameLevel(this:GetParent():GetFrameLevel()+3);
					</OnLoad>
					<OnShow>
						local i;
						for i=1,14 do 
							local f=getglobal(this:GetName().."Sub"..i);
							f:SetTextColor(1, 1, 1);
						end 
					</OnShow>
				</Scripts>
			</Frame>
		</Frames>
		<Scripts>
			<OnLoad>
				this:SetBackdropBorderColor(0, 0, 0, 0);
				this:SetBackdropColor(0, 0, 0, 0);
			</OnLoad>		
		</Scripts>
	</Frame>		
	
	<Frame name="tDDropDownEquationTemp" virtual="true">
		<Size>	<AbsDimension x="40" y="25"/>	</Size>
		<Backdrop bgFile="Interface\Tooltips\UI-Tooltip-Background" edgeFile="Interface\Tooltips\UI-Tooltip-Border" tile="true">
			<BackgroundInsets>
				<AbsInset left="0" right="0" top="0" bottom="0"/>
			</BackgroundInsets>
			<TileSize><AbsValue val="2"/></TileSize>
			<EdgeSize><AbsValue val="0"/></EdgeSize>
		</Backdrop>	
		<Frames>
			<Button name="$parent_DDbtn">
				<Size><AbsDimension x="24" y="24"/></Size>
				<Anchors>
					<Anchor point="TOPRIGHT">
						<Offset><AbsDimension x="0" y="2"/></Offset>
					</Anchor>
				</Anchors>
				<Scripts>
					<OnClick>
						PlaySound("MINIMAPCLOSE")
						local f = getglobal(this:GetParent():GetName().."DDframe");
						if (f:IsShown()) then 	f:Hide() 	else	f:Show()	end
						<!--  hide all other dropdowns    			tradeDispenserRackDDframe:Hide();  -->
					</OnClick>
				</Scripts>
				<NormalTexture file="Interface\ChatFrame\UI-ChatIcon-ScrollDown-Up"></NormalTexture>
				<PushedTexture file="Interface\ChatFrame\UI-ChatIcon-ScrollDown-Down"></PushedTexture>
				<HighlightTexture file="Interface\Buttons\UI-Common-MouseHilight" alphaMode="ADD"></HighlightTexture>
			</Button>
			<Frame name="$parentDDTitle" hidden="false">
				<Size><AbsDimension x="40" y="22"/></Size>
				<Anchors>
					<Anchor point="RIGHT" relativeTo="$parent_DDbtn" relativePoint="RIGHT">
						<Offset><AbsDimension x="-1" y="0"/></Offset>
					</Anchor>
				</Anchors>
				<Backdrop bgFile="Interface\Tooltips\UI-Tooltip-Background" edgeFile="Interface\Tooltips\UI-Tooltip-Border" tile="true">
					<BackgroundInsets>
						<AbsInset left="2" right="2" top="2" bottom="2" />
					</BackgroundInsets>
					<TileSize><AbsValue val="12" /></TileSize>
					<EdgeSize><AbsValue val="2" /></EdgeSize>
				</Backdrop>
				<Layers>
					<Layer level="ARTWORK">		<!-- Selected value -->
						<FontString name="$parentLbL" inherits="GameFontNormalSmall" text="DummyProfile">
							<Anchors>
								<Anchor point="RIGHT" relativePoint="LEFT" relativeTo="$parent">
									<Offset><AbsDimension x="20" y="1"/></Offset>
								</Anchor>
							</Anchors>
						</FontString>
					</Layer>
				</Layers>
				<Scripts>
					<OnLoad>
						this:SetBackdropBorderColor(0, 0, 0, 0);
						this:SetBackdropColor(0,0,0, 0);
					</OnLoad>
					<OnShow>
						local f = getglobal(this:GetName().."LbL")
						f:SetTextColor(1,1,1);
						f:SetText("==");
					</OnShow>
				</Scripts>
			</Frame>
			<Frame name="$parentDDframe" hidden="true"  enableMouse="true">
				<Size><AbsDimension x="150" y="268"/></Size>	
				<Anchors>
					<Anchor point="TOPRIGHT">
						<Offset><AbsDimension x="-18" y="0"/></Offset>
					</Anchor>
				</Anchors>
				<Backdrop bgFile="Interface\DialogFrame\UI-DialogBox-Background" edgeFile="Interface\DialogFrame\UI-DialogBox-Border" tile="true">
					<BackgroundInsets>
						<AbsInset left="11" right="12" top="12" bottom="11"/>
					</BackgroundInsets>
					<TileSize>
						<AbsValue val="32"/>
					</TileSize>
					<EdgeSize>
						<AbsValue val="32"/>
					</EdgeSize>
				</Backdrop>
		<!-- ######################  SUB-FRAMES of DROP-DOWN  (clickable) ###################### -->
				<Frames>
					<Button name="$parentSub1"  inherits="tDDropDownButtonTemp" id="1" text="a">
						<Anchors>
							<Anchor point="TOP">
								<Offset><AbsDimension x="0" y="-15"/></Offset>
							</Anchor>
						</Anchors>
					</Button>
					<Button name="$parentSub2"  inherits="tDDropDownButtonTemp" id="2" text="b">
						<Anchors>
							<Anchor point="TOP" relativeTo="$parentSub1" relativePoint="BOTTOM">
								<Offset><AbsDimension x="0" y="-5"/></Offset>
							</Anchor>
						</Anchors>
					</Button>
					<Button name="$parentSub3"  inherits="tDDropDownButtonTemp" id="3" text="c">
						<Anchors>
							<Anchor point="TOP" relativeTo="$parentSub2" relativePoint="BOTTOM">
								<Offset><AbsDimension x="0" y="0"/></Offset>
							</Anchor>
						</Anchors>
					</Button>
					<Button name="$parentSub4"  inherits="tDDropDownButtonTemp" id="4" text="d">
						<Anchors>
							<Anchor point="TOP" relativeTo="$parentSub3" relativePoint="BOTTOM">
								<Offset><AbsDimension x="0" y="0"/></Offset>
							</Anchor>
						</Anchors>
					</Button>
				</Frames>
				<Scripts>
					<OnLoad>
						this:SetFrameLevel(this:GetParent():GetFrameLevel()+3);
					</OnLoad>
					<OnShow>
						local i;
						for i=1,4 do 
							local f=getglobal(this:GetName().."Sub"..i);
							f:SetTextColor(1, 1, 1);
							f:SetText(tradeDispenser_DropDownEquation[i]);
						end 
					</OnShow>
				</Scripts>
			</Frame>
		</Frames>
		<Scripts>
			<OnLoad>
				this:SetBackdropBorderColor(0, 0, 0, 0);
				this:SetBackdropColor(0, 0, 0, 0);
			</OnLoad>		
		</Scripts>
	</Frame>		


	
	

	<EditBox name="tD_RackTemp_Edit" inherits="UIEditBoxTemplate" letters="15" historyLines="0" autoFocus="false" virtual="true">
		<Size> <AbsDimension x="80" y="16"/> </Size>
		<Layers>
			<Layer level="BACKGROUND">
				<Texture name="$parentLeft" file="Interface\ClassTrainerFrame\UI-ClassTrainer-FilterBorder">
					<Size><AbsDimension x="12" y="29"/>	</Size>
					<Anchors>
						<Anchor point="TOPLEFT">
							<Offset><AbsDimension x="-11" y="2"/></Offset>
						</Anchor>
					</Anchors>
					<TexCoords left="0" right="0.09375" top="0" bottom="1.0"/>
				</Texture>
				<Texture name="$parentMiddle" file="Interface\ClassTrainerFrame\UI-ClassTrainer-FilterBorder">
					<Size><AbsDimension x="80" y="29"/></Size>
					<Anchors>
						<Anchor point="LEFT" relativeTo="$parentLeft" relativePoint="RIGHT"/>
					</Anchors>
					<TexCoords left="0.09375" right="0.90625" top="0" bottom="1.0"/>
				</Texture>
				<Texture name="$parentRight" file="Interface\ClassTrainerFrame\UI-ClassTrainer-FilterBorder">
					<Size><AbsDimension x="12" y="29"/>	</Size>
					<Anchors>
						<Anchor point="LEFT" relativeTo="$parentMiddle" relativePoint="RIGHT"/>
					</Anchors>
					<TexCoords left="0.90625" right="1.0" top="0" bottom="1.0"/>
				</Texture>						
			</Layer>
		</Layers>				
		<FontString inherits="GameFontHighlight"/>
		<Scripts>
			<OnShow>
				this:ClearFocus();
				if (tD_CharDatas.Rack) then
					this:SetText(tD_CharDatas.Rack[this:GetParent():GetID()].Name);
				else
					this:SetText("not loaded");
				end
				this:SetMaxLetters(15);
				this:SetTextColor(1,1,1);
			</OnShow>
			<OnEscapePressed>
				this:ClearFocus()
			</OnEscapePressed>
			<OnEnterPressed>
				this:ClearFocus();
			</OnEnterPressed>
			<OnTextChanged>
				tD_CharDatas.Rack[this:GetParent():GetID()].Name=this:GetText();
			</OnTextChanged>
		</Scripts>
	</EditBox>		
	
	
	
	<Frame name="tD_RackTemp" virtual="true">	
		<Size>	<AbsDimension x="760" y="30"/>	</Size>
		<Frames>
			<Button name="$parentFirst"  inherits="UIPanelButtonTemplate" hidden="false" text="Del">
				<Size>
					<AbsDimension x="50" y="24"/>
				</Size>
				<Anchors>
					<Anchor point="TOPLEFT" relativePoint="TOPLEFT" relativeTo="$parent">
						<Offset>
							<AbsDimension x="25" y="0"/>
						</Offset>
					</Anchor>
				</Anchors>			
				<Scripts>
					<OnLoad>	this:SetText("delete");	</OnLoad>
					<OnClick>   tradeDispenserPlaySound(this)	</OnClick>
				</Scripts>
			</Button>
			
			<CheckButton name="$parentStart" inherits="UICheckButtonTemplate">		
				<Size><AbsDimension x="24" y="24"/></Size>				
				<Anchors>
					<Anchor point="LEFT" relativeTo="$parentFirst" relativePoint="RIGHT">	<Offset><AbsDimension x="5" y="0"/>	</Offset>	</Anchor>
				</Anchors>
				<Scripts>
					<OnShow>	this:SetChecked(true); </OnShow>
					<OnClick>
						tradeDispenserPlaySound(this);
					</OnClick>
					<OnEnter>
						tradeDispenserSetTooltipPosition(this:GetParent(),0,0);
						GameTooltip:AddLine("|cFFFFFFFFTest");
						GameTooltip:Show();				
					</OnEnter>
					<OnLeave>	GameTooltip:Hide();	</OnLeave>						
				</Scripts>
			</CheckButton>
			
			<EditBox name="$parentName" inherits="tD_RackTemp_Edit">
				<Anchors>
					<Anchor point="LEFT" relativeTo="$parentStart" relativePoint="RIGHT">
						<Offset><AbsDimension x="50" y="0"/></Offset>
					</Anchor>
				</Anchors>
				<Layers>
					<Layer level="ARTWORK">		<!-- TITLE -->
						<FontString name="$parentLbL" inherits="GameFontNormalSmall" text="Name:">
							<Anchors>
								<Anchor point="RIGHT" relativeTo="$parent" relativePoint="LEFT">
									<Offset><AbsDimension x="-8" y="0"/></Offset>
								</Anchor>
							</Anchors>
						</FontString>				
					</Layer>
				</Layers>					
			</EditBox>	
			
			<Button name="$parentColor" hidden="false">
				<Size>
					<AbsDimension x="20" y="20"/>
				</Size>
				<Anchors>
					<Anchor point="LEFT" relativePoint="RIGHT" relativeTo="$parentName">
						<Offset>
							<AbsDimension x="15" y="0"/>
						</Offset>
					</Anchor>
				</Anchors>
				<Backdrop name="$parentBackdrop" bgFile="Interface\Tooltips\UI-Tooltip-Background" edgeFile="Interface\Tooltips\UI-Tooltip-Border" tile="true">
					<EdgeSize>	<AbsValue val="16"/>	</EdgeSize>
					<TileSize>	<AbsValue val="0"/>		</TileSize>
					<BackgroundInsets>
						<AbsInset left="4" right="4" top="4" bottom="4"/>
					</BackgroundInsets>
				</Backdrop>					
				<Layers>
					<Layer level="BACKGROUND">
						<Texture name="$parentBG">
							<Size>
								<AbsDimension x="14" y="14"/>
							</Size>
							<Color r="1.0" g="1.0" b="1.0"/>
							<Anchors>
								<Anchor point="CENTER"/>
							</Anchors>
						</Texture>
					</Layer>				
				</Layers>
				<Scripts>
					<OnShow>
						local col = tD_CharDatas.Rack[this:GetParent():GetID()];
						getglobal(this:GetName() .. "NormalTexture"):SetVertexColor(col.r, col.g, col.b);
					</OnShow>
					<OnClick>
					    tradeDispenserPlaySound(this)
						local f=this:GetParent();
						tD_Temp.actID=this:GetParent():GetID();	
						tD_Temp.actBtn=this:GetName();
						local col = tD_CharDatas.Rack[tD_Temp.actID];
						f.r = col.r;
						f.g = col.g;
						f.b = col.b;
						f.opacity = 1;						
						f.opacityFunc = function()	end;
						f.swatchFunc = function() 
							local r, g, b = ColorPickerFrame:GetColorRGB();
							tD_CharDatas.Rack[tD_Temp.actID].r=r;
							tD_CharDatas.Rack[tD_Temp.actID].g=g;
							tD_CharDatas.Rack[tD_Temp.actID].b=b;
							getglobal(tD_Temp.actBtn.."NormalTexture"):SetVertexColor(r,g,b);
						end;		
						ColorPickerFrame.frame = f;
						CloseMenus();
						UIDropDownMenuButton_OpenColorPicker(f);
					</OnClick>
				</Scripts>
				<NormalTexture name="$parentNormalTexture" file="Interface\ChatFrame\ChatFrameColorSwatch"/>
			</Button>
			
			
			<Frame name="$parentJumpTo" inherits="tDDropDownTemp" hidden="false">
				<Anchors>
					<Anchor point="LEFT" relativeTo="$parentColor" relativePoint="RIGHT">
						<Offset><AbsDimension x="60" y="-2"/></Offset>
					</Anchor>
				</Anchors>			
				<Layers>  
					<Layer level="BACKGROUND">
						<Texture name="$parentLeft" file="Interface\ClassTrainerFrame\UI-ClassTrainer-FilterBorder">
							<Size><AbsDimension x="12" y="29"/>	</Size>
							<Anchors>
								<Anchor point="TOPLEFT">
									<Offset><AbsDimension x="-4" y="2"/></Offset>
								</Anchor>
							</Anchors>
							<TexCoords left="0" right="0.09375" top="0" bottom="1.0"/>
						</Texture>
						<Texture name="$parentMiddle" file="Interface\ClassTrainerFrame\UI-ClassTrainer-FilterBorder">
							<Size><AbsDimension x="85" y="29"/></Size>
							<Anchors>
								<Anchor point="LEFT" relativeTo="$parentLeft" relativePoint="RIGHT"/>
							</Anchors>
							<TexCoords left="0.09375" right="0.90625" top="0" bottom="1.0"/>
						</Texture>
						<Texture name="$parentRight" file="Interface\ClassTrainerFrame\UI-ClassTrainer-FilterBorder">
							<Size><AbsDimension x="12" y="29"/>	</Size>
							<Anchors>
								<Anchor point="LEFT" relativeTo="$parentMiddle" relativePoint="RIGHT"/>
							</Anchors>
							<TexCoords left="0.90625" right="1.0" top="0" bottom="1.0"/>
						</Texture>
					</Layer>
				</Layers>
				<Scripts>
					<OnShow>
						local f=getglobal(this:GetName().."LbL");
						f:SetText("Jump to");
						f:SetTextColor(1,1,1);
					</OnShow>
				</Scripts>
			</Frame>		
			
			<Frame name="$parentIF" inherits="tDDropDownTemp" hidden="false">
				<Anchors>
					<Anchor point="LEFT" relativeTo="$parentJumpTo" relativePoint="RIGHT">
						<Offset><AbsDimension x="20" y="0"/></Offset>
					</Anchor>
				</Anchors>			
				<Layers>  
					<Layer level="BACKGROUND">
						<Texture name="$parentLeft" file="Interface\ClassTrainerFrame\UI-ClassTrainer-FilterBorder">
							<Size><AbsDimension x="12" y="29"/>	</Size>
							<Anchors>
								<Anchor point="TOPLEFT">
									<Offset><AbsDimension x="-4" y="2"/></Offset>
								</Anchor>
							</Anchors>
							<TexCoords left="0" right="0.09375" top="0" bottom="1.0"/>
						</Texture>
						<Texture name="$parentMiddle" file="Interface\ClassTrainerFrame\UI-ClassTrainer-FilterBorder">
							<Size><AbsDimension x="85" y="29"/></Size>
							<Anchors>
								<Anchor point="LEFT" relativeTo="$parentLeft" relativePoint="RIGHT"/>
							</Anchors>
							<TexCoords left="0.09375" right="0.90625" top="0" bottom="1.0"/>
						</Texture>
						<Texture name="$parentRight" file="Interface\ClassTrainerFrame\UI-ClassTrainer-FilterBorder">
							<Size><AbsDimension x="12" y="29"/>	</Size>
							<Anchors>
								<Anchor point="LEFT" relativeTo="$parentMiddle" relativePoint="RIGHT"/>
							</Anchors>
							<TexCoords left="0.90625" right="1.0" top="0" bottom="1.0"/>
						</Texture>
					</Layer>
				</Layers>
				<Scripts>
					<OnShow>
						local f=getglobal(this:GetName().."LbL");
						f:SetText("IF");
						f:SetTextColor(1,1,1);
					</OnShow>
				</Scripts>				
			</Frame>				
		
			<Frame name="$parentEquation" inherits="tDDropDownEquationTemp" hidden="false">
				<Anchors>
					<Anchor point="LEFT" relativeTo="$parentIF" relativePoint="RIGHT">
						<Offset><AbsDimension x="5" y="0"/></Offset>
					</Anchor>
				</Anchors>			
				<Layers>  
					<Layer level="BACKGROUND">
						<Texture name="$parentLeft" file="Interface\ClassTrainerFrame\UI-ClassTrainer-FilterBorder">
							<Size><AbsDimension x="12" y="29"/>	</Size>
							<Anchors>
								<Anchor point="TOPLEFT">
									<Offset><AbsDimension x="-4" y="2"/></Offset>
								</Anchor>
							</Anchors>
							<TexCoords left="0" right="0.09375" top="0" bottom="1.0"/>
						</Texture>
						<Texture name="$parentMiddle" file="Interface\ClassTrainerFrame\UI-ClassTrainer-FilterBorder">
							<Size><AbsDimension x="20" y="29"/></Size>
							<Anchors>
								<Anchor point="LEFT" relativeTo="$parentLeft" relativePoint="RIGHT"/>
							</Anchors>
							<TexCoords left="0.09375" right="0.90625" top="0" bottom="1.0"/>
						</Texture>
						<Texture name="$parentRight" file="Interface\ClassTrainerFrame\UI-ClassTrainer-FilterBorder">
							<Size><AbsDimension x="12" y="29"/>	</Size>
							<Anchors>
								<Anchor point="LEFT" relativeTo="$parentMiddle" relativePoint="RIGHT"/>
							</Anchors>
							<TexCoords left="0.90625" right="1.0" top="0" bottom="1.0"/>
						</Texture>
					</Layer>
				</Layers>
			</Frame>	

			<Slider name="$parentSlider" inherits="OptionsSliderTemplate">
				<Size><AbsDimension x="110" y="16"/></Size>
				<Anchors>
					<Anchor point="LEFT" relativeTo="$parentEquation" relativePoint="RIGHT">
						<Offset><AbsDimension x="5" y="0"/></Offset>
					</Anchor>
				</Anchors>			
				<Scripts>
					<OnLoad>
						local n=this:GetName();
						getglobal(n.."High"):SetText("5");
						getglobal(n.."Low"):SetText("1");
						<!--getglobal(n.."Lbl"):SetText(tD_Loc.settings.scale);-->
						this:SetMinMaxValues(0, 5);
						this:SetValueStep(1);
						this:SetValue(2);
						getglobal(n.."Text"):SetText("Value: "..this:GetValue());
					</OnLoad>
					<OnValueChanged>
					</OnValueChanged>
				</Scripts>
			</Slider>				
		</Frames>			
	</Frame>
	
	
	<Frame name="tradeDispenserRackControlFrame" parent="UIParent" hidden="true"  enableMouse="true" movable="true">		<!-- SHOWs some BUTTONS on the screen  -->
		<Size>	<AbsDimension x="760" y="350"/>	</Size>
		<Anchors>
			<Anchor point="CENTER">
				<Offset><AbsDimension x="0" y="0"/></Offset>
			</Anchor>
		</Anchors>	
		<Backdrop bgFile="Interface\DialogFrame\UI-DialogBox-Background" edgeFile="Interface\DialogFrame\UI-DialogBox-Border" tile="true">
			<BackgroundInsets>
				<AbsInset left="11" right="12" top="12" bottom="11"/>
			</BackgroundInsets>
			<TileSize>	<AbsValue val="32"/>  </TileSize>
			<EdgeSize>	<AbsValue val="32"/>  </EdgeSize>
		</Backdrop>
		<Frames>	
			<Frame name="$parentRack1" id="1" inherits="tD_RackTemp">
				<Anchors>
					<Anchor point="TOPLEFT">	<Offset><AbsDimension x="0" y="-25"/></Offset></Anchor>
				</Anchors>	
			</Frame>
			<Button name="$parentCloseBtn"  inherits="UIPanelButtonTemplate" hidden="false" text="Close">
				<Size>
					<AbsDimension x="97" y="26"/>
				</Size>
				<Anchors>
					<Anchor point="BOTTOM" relativePoint="BOTTOM" relativeTo="$parent">
						<Offset>
							<AbsDimension x="0" y="15"/>
						</Offset>
					</Anchor>
				</Anchors>			
				<Scripts>
					<OnLoad>
						this:SetText(tD_Loc.buttons.hide);
					</OnLoad>
					<OnClick>
					    tradeDispenserPlaySound(this)
						tradeDispenserRackControlFrame:Hide();
						tD_Temp.isVisible = true;
						tradeDispenserUpdate();						
					</OnClick>
				</Scripts>
			</Button>	
			
		</Frames>
		<Scripts>
			<OnLoad> this:Raise();  </OnLoad>
			<OnMouseDown> this:StartMoving();      </OnMouseDown>
			<OnMouseUp>   this:StopMovingOrSizing();</OnMouseUp>
			<OnDragStop>  this:StopMovingOrSizing();</OnDragStop>			
		</Scripts>
	</Frame>
</Ui>