<Ui xmlns="http://www.blizzard.com/wow/ui/">
	<Script file="01_05_Teldrassil.lua"/>
	<Script file="01_12_Dun_Morogh.lua"/>
	<Script file="01_12_Elwynn.lua"/>
	<Script file="06_12_Teldrassil.lua"/>
	<Script file="12_14_LochModan.lua"/>
	<Script file="12_20_Darkshore.lua"/>
	<Script file="14_15_Westfall.lua"/>
	<Script file="15_18_Redridge.lua"/>
    <Script file="18_20_Westfall.lua"/>
	<Script file="20_21_Redridge.lua"/>
	<Script file="21_22_Duskwood.lua"/>
	<Script file="22_23_Wetlands.lua"/>
	<Script file="23_24_Ashenvale.lua"/>
	<Script file="24_24_Stonetalon.lua"/>
	<Script file="24_25_Ashenvale.lua"/>
	<Script file="25_26_Wetlands.lua"/>
	<Script file="26_27_Redridge.lua"/>
	<Script file="27_28_Duskwood.lua"/>
	<Script file="28_29_Wetlands.lua"/>
    <Script file="29_30_Ashenvale.lua"/>
	<Script file="30_31_Ashenvale.lua"/>
	<Script file="31_32_ThousandNeedles.lua"/>
	<Script file="32_35_Stranglethorn.lua"/>
	<Script file="35_36_Hillsbrad.lua"/>
	<Script file="36_38_Desolace.lua"/>
	<Script file="38_40_Dustwallow.lua"/>
	<Script file="40_41_Dustwallow.lua"/>
	<Script file="41_42_Badlands.lua"/>
	<Script file="42_44_Stranglethorn.lua"/>
	<Script file="44_45_Swamp_of_Sorrows.lua"/>
	<Script file="45_45_Tanaris.lua"/>
	<Script file="45_47_Feralas.lua"/>
	<Script file="47_47_Tanaris.lua"/>
	<Script file="47_48_Hinterlands.lua"/>
	<Script file="48_50_Tanaris.lua"/>
	<Script file="50_50_Hinterlands.lua"/>
	<Script file="50_51_Searing_Gorge.lua"/>
	<Script file="51_52_Azshara.lua"/>
	<Script file="52_53_Felwood.lua"/>
	<Script file="53_53_Feralas.lua"/>
	<Script file="53_54_Felwood.lua"/>
	<Script file="54_56_Ungoro_Crater.lua"/>
	<Script file="56_56_Winterspring.lua"/>
	<Script file="58_59_Western_Plaguelands.lua"/>
	<Script file="59_60_Eastern_Plaguelands.lua"/>
</Ui>
