<Ui xmlns="http://www.blizzard.com/wow/ui/">
  <Script file="Cracker_Frenzy.lua"/>
  <Script file="Cracker_Oracles.lua"/>
  <Script file="Emm_Tillers.lua"/>
  <Script file="Emm_Cloud.lua"/>
  <Script file="Emm_Celestials.lua"/>
  <Script file="Emm_ShadoPan.lua"/>
  <Script file="Est_Firelands.lua"/>
  <Script file="Est_Lotus.lua"/>
  <Script file="Fluclo_TanaanJungle.lua"/>  
  <Script file="Jiyambi_Therazane.lua"/>
  <Script file="Twists_Ramkahen.lua"/>
  <Script file="Ludo_ArgDawn.lua"/>
  <Script file="Ludo_Anglers.lua"/>
  <Script file="Ludo_ArgCrusade.lua"/>
  <Script file="Ludo_DalCook.lua"/>
  <Script file="Ludo_DalFish.lua"/>
  <Script file="Ludo_EbonBlade.lua"/>
  <Script file="Ludo_Fishing.lua"/>
  <Script file="Ludo_GarrisonPets.lua"/>
  <Script file="Ludo_Harrison.lua"/>
  <Script file="Ludo_Hodir.lua"/>
  <Script file="Ludo_Kaluak.lua"/>
  <Script file="Ludo_NetherDrake.lua"/>
  <Script file="Ludo_Skyguard.lua"/>
  <Script file="Ludo_Timeless.lua"/>
  <Script file="Ludo_PetWailingCaverns.lua"/>
  <Script file="Ludo_Wyrmrest.lua"/>
  <Script file="Twists_ShattSun.lua"/>
  <Script file="Way2Hairy_Klaxxi.lua"/>
  <Script file="Lare_PetLvl.lua"/>
  <Script file="Lare_PetTamersDrae.lua"/>
  <Script file="Lare_PetTinyTerrors.lua"/>
  <Script file="Lare_PetWQ_Azsuna.lua"/>
  <Script file="Lare_PetWQ_BrokenShore.lua"/>
  <Script file="Lare_PetWQ_Dalaran.lua"/>
  <Script file="Lare_PetWQ_Highmountain.lua"/>
  <Script file="Lare_PetWQ_Stormheim.lua"/>
  <Script file="Lare_PetWQ_Suramar.lua"/>
  <Script file="Lare_PetWQ_Valsharah.lua"/>
  <Script file="Ludo_PetWQ_Antoran.lua"/>
  <Script file="Ludo_PetWQ_Krokuun.lua"/>
  <Script file="Ludo_PetWQ_MacAree.lua"/>
</Ui>
